movie_name,release_date,earning
Avatar,2009,"$2,923,706,026"
Avengers: Endgame,2019,"$2,799,439,100"
Titanic,1997,"$2,194,690,964"
Star Wars: Episode VII - The Force Awakens,2015,"$2,071,310,218"
Avengers: Infinity War,2018,"$2,052,415,039"
Avatar: The Way of Water,2022,"$1,930,116,607"
Spider-Man: No Way Home,2021,"$1,921,847,111"
Jurassic World,2015,"$1,671,537,444"
The Lion King,2019,"$1,663,075,401"
The Avengers,2012,"$1,520,538,536"
Furious 7,2015,"$1,515,341,399"
Top Gun: Maverick,2022,"$1,488,732,821"
Frozen II,2019,"$1,453,683,476"
Avengers: Age of Ultron,2015,"$1,405,018,048"
Black Panther,2018,"$1,349,926,083"
Harry Potter and the Deathly Hallows: Part 2,2011,"$1,342,359,942"
Star Wars: Episode VIII - The Last Jedi,2017,"$1,334,407,706"
Jurassic World: Fallen Kingdom,2018,"$1,310,466,296"
Frozen,2013,"$1,284,540,518"
Beauty and the Beast,2017,"$1,266,115,964"
Incredibles 2,2018,"$1,243,225,667"
The Fate of the Furious,2017,"$1,236,005,118"
Iron Man 3,2013,"$1,215,577,205"
Minions,2015,"$1,159,444,662"
Captain America: Civil War,2016,"$1,155,046,416"
Aquaman,2018,"$1,148,528,393"
The Lord of the Rings: The Return of the King,2003,"$1,146,457,748"
Spider-Man: Far from Home,2019,"$1,131,927,996"
Captain Marvel,2019,"$1,131,416,446"
Transformers: Dark of the Moon,2011,"$1,123,794,079"
Jurassic Park,1993,"$1,109,802,321"
Skyfall,2012,"$1,108,569,499"
Transformers: Age of Extinction,2014,"$1,104,054,072"
The Dark Knight Rises,2012,"$1,081,169,825"
Star Wars: Episode IX - The Rise of Skywalker,2019,"$1,077,022,372"
Joker,2019,"$1,074,458,282"
Toy Story 4,2019,"$1,073,841,394"
Toy Story 3,2010,"$1,067,316,101"
Pirates of the Caribbean: Dead Man's Chest,2006,"$1,066,179,747"
Rogue One: A Star Wars Story,2016,"$1,058,682,142"
Aladdin,2019,"$1,054,304,000"
Pirates of the Caribbean: On Stranger Tides,2011,"$1,046,721,266"
Despicable Me 3,2017,"$1,034,800,131"
Finding Dory,2016,"$1,029,266,989"
Star Wars: Episode I - The Phantom Menace,1999,"$1,027,082,707"
Zootopia,2016,"$1,025,521,689"
Alice in Wonderland,2010,"$1,025,468,216"
Harry Potter and the Sorcerer's Stone,2001,"$1,023,842,938"
The Hobbit: An Unexpected Journey,2012,"$1,017,030,651"
The Dark Knight,2008,"$1,006,234,167"
Jurassic World: Dominion,2022,"$1,001,978,080"
Jumanji: Welcome to the Jungle,2017,"$995,339,117"
Harry Potter and the Deathly Hallows: Part 1,2010,"$977,070,383"
Despicable Me 2,2013,"$970,766,005"
The Lion King,1994,"$968,511,805"
The Jungle Book,2016,"$967,724,775"
The Hobbit: The Battle of the Five Armies,2014,"$962,201,338"
Pirates of the Caribbean: At World's End,2007,"$961,691,209"
The Hobbit: The Desolation of Smaug,2013,"$959,027,992"
Doctor Strange in the Multiverse of Madness,2022,"$955,775,804"
The Lord of the Rings: The Two Towers,2002,"$947,944,270"
Harry Potter and the Order of the Phoenix,2007,"$942,278,045"
Finding Nemo,2003,"$941,637,960"
Minions: The Rise of Gru,2022,"$939,628,210"
Harry Potter and the Half-Blood Prince,2009,"$934,504,700"
Shrek 2,2004,"$928,760,770"
Harry Potter and the Chamber of Secrets,2002,"$925,054,421"
Bohemian Rhapsody,2018,"$910,809,311"
The Battle at Lake Changjin,2021,"$902,548,476"
The Lord of the Rings: The Fellowship of the Ring,2001,"$898,204,420"
Harry Potter and the Goblet of Fire,2005,"$896,815,106"
Spider-Man 3,2007,"$894,983,373"
The Secret Life of Pets,2016,"$894,328,469"
Ice Age: Dawn of the Dinosaurs,2009,"$886,686,817"
Spectre,2015,"$880,705,312"
Spider-Man: Homecoming,2017,"$880,166,924"
Ice Age: Continental Drift,2012,"$877,244,782"
Batman v Superman: Dawn of Justice,2016,"$873,637,528"
Wolf Warrior 2,2017,"$870,325,439"
Star Wars: Episode III - Revenge of the Sith,2005,"$868,390,560"
The Hunger Games: Catching Fire,2013,"$865,011,746"
Guardians of the Galaxy Vol. 2,2017,"$863,756,051"
Inside Out,2015,"$858,848,019"
Venom,2018,"$856,085,151"
Thor: Ragnarok,2017,"$855,301,806"
The Twilight Saga: Breaking Dawn - Part 2,2012,"$848,853,382"
Black Panther: Wakanda Forever,2022,"$837,646,310"
Inception,2010,"$836,848,102"
Transformers: Revenge of the Fallen,2009,"$836,303,693"
Spider-Man,2002,"$825,025,036"
Wonder Woman,2017,"$822,854,286"
"Hi, Mom",2021,"$822,009,764"
Independence Day,1996,"$817,400,891"
Coco,2017,"$814,337,054"
Fantastic Beasts and Where to Find Them,2016,"$814,044,001"
Shrek the Third,2007,"$813,367,380"
Jumanji: The Next Level,2019,"$801,693,929"
Harry Potter and the Prisoner of Azkaban,2004,"$797,660,766"
Pirates of the Caribbean: Dead Men Tell No Tales,2017,"$795,922,298"
E.T. the Extra-Terrestrial,1982,"$792,910,554"
Mission: Impossible - Fallout,2018,"$791,657,398"
2012,2009,"$791,217,826"
Indiana Jones and the Kingdom of the Crystal Skull,2008,"$790,653,942"
Spider-Man 2,2004,"$788,976,453"
Fast & Furious 6,2013,"$788,680,968"
Deadpool 2,2018,"$785,896,609"
Deadpool,2016,"$782,836,791"
Star Wars: Episode IV - A New Hope,1977,"$775,398,007"
No Time to Die,2021,"$774,153,007"
Interstellar,2014,"$773,867,216"
Guardians of the Galaxy,2014,"$773,350,147"
The Batman,2022,"$770,945,583"
Thor: Love and Thunder,2022,"$760,928,081"
Fast & Furious Presents: Hobbs & Shaw,2019,"$760,732,926"
The Da Vinci Code,2006,"$760,006,945"
Maleficent,2014,"$759,853,685"
The Amazing Spider-Man,2012,"$757,930,663"
The Hunger Games: Mockingjay - Part 1,2014,"$755,356,711"
Shrek Forever After,2010,"$752,600,867"
Gravity,2013,"$748,049,949"
Madagascar 3: Europe's Most Wanted,2012,"$746,921,274"
Suicide Squad,2016,"$746,846,894"
X-Men: Days of Future Past,2014,"$746,045,700"
"The Chronicles of Narnia: The Lion, the Witch and the Wardrobe",2005,"$745,013,115"
Monsters University,2013,"$743,559,645"
The Matrix Reloaded,2003,"$741,847,937"
Up,2009,"$735,099,102"
Ne Zha,2019,"$726,264,074"
F9: The Fast Saga,2021,"$726,229,501"
Captain America: The Winter Soldier,2014,"$714,421,503"
The Twilight Saga: Breaking Dawn - Part 1,2011,"$712,205,856"
The Twilight Saga: New Moon,2009,"$711,025,481"
Dawn of the Planet of the Apes,2014,"$710,644,566"
Transformers,2007,"$709,709,780"
The Amazing Spider-Man 2,2014,"$708,982,323"
It,2017,"$701,842,551"
The Wandering Earth,2019,"$699,992,512"
The Twilight Saga: Eclipse,2010,"$698,509,825"
Mission: Impossible - Ghost Protocol,2011,"$694,713,380"
Mamma Mia!,2008,"$694,476,782"
The Hunger Games,2012,"$694,394,724"
Detective Chinatown 3,2021,"$686,257,563"
Mission: Impossible - Rogue Nation,2015,"$682,716,636"
Forrest Gump,1994,"$678,226,465"
Doctor Strange,2016,"$677,796,076"
The Sixth Sense,1999,"$672,806,432"
Man of Steel,2013,"$668,045,518"
Ice Age: The Meltdown,2006,"$667,094,506"
Kung Fu Panda 2,2011,"$665,692,281"
Moana,2016,"$665,069,139"
Justice League,2017,"$657,926,987"
Big Hero 6,2014,"$657,869,686"
Fantastic Beasts: The Crimes of Grindelwald,2018,"$654,855,901"
Pirates of the Caribbean: The Curse of the Black Pearl,2003,"$654,264,015"
Men in Black 3,2012,"$654,213,485"
Star Wars: Episode II - Attack of the Clones,2002,"$653,779,970"
The Hunger Games: Mockingjay - Part 2,2015,"$653,428,261"
Thor: The Dark World,2013,"$644,783,140"
Sing,2016,"$634,338,384"
Kung Fu Panda,2008,"$632,083,197"
The Incredibles,2004,"$631,607,053"
The Martian,2015,"$630,620,818"
Hancock,2008,"$629,443,428"
Water Gate Bridge,2022,"$626,571,697"
Fast Five,2011,"$626,137,675"
Iron Man 2,2010,"$623,933,331"
Ratatouille,2007,"$623,726,085"
Ant-Man and the Wasp,2018,"$622,674,139"
How to Train Your Dragon 2,2014,"$621,537,519"
Logan,2017,"$619,179,950"
The Lost World: Jurassic Park,1997,"$618,638,999"
Casino Royale,2006,"$616,505,162"
The Passion of the Christ,2004,"$612,054,506"
Life of Pi,2012,"$609,016,565"
Transformers: The Last Knight,2017,"$605,425,157"
Madagascar: Escape 2 Africa,2008,"$603,900,354"
War of the Worlds,2005,"$603,873,119"
Tangled,2010,"$592,462,816"
Ready Player One,2018,"$592,241,728"
Quantum of Solace,2008,"$589,580,482"
Men in Black,1997,"$589,390,539"
The Croods,2013,"$587,235,983"
The Hangover Part II,2011,"$586,764,305"
Iron Man,2008,"$585,796,247"
I Am Legend,2007,"$585,410,052"
"Monsters, Inc.",2001,"$579,707,738"
Operation Red Sea,2018,"$579,330,426"
Night at the Museum,2006,"$574,481,229"
Fifty Shades of Grey,2015,"$569,651,467"
Kong: Skull Island,2017,"$566,652,812"
The Smurfs,2011,"$563,749,323"
Cars 2,2011,"$559,852,396"
King Kong,2005,"$556,906,378"
Puss in Boots,2011,"$554,987,477"
The Mermaid,2016,"$553,810,228"
Armageddon,1998,"$553,709,788"
The Day After Tomorrow,2004,"$552,639,571"
Ted,2012,"$549,368,315"
American Sniper,2014,"$547,459,020"
Mission: Impossible II,2000,"$546,388,108"
Detective Chinatown 2,2018,"$544,185,156"
X-Men: Apocalypse,2016,"$543,934,105"
Sherlock Holmes: A Game of Shadows,2011,"$543,848,418"
Despicable Me,2010,"$543,157,985"
Cinderella,2015,"$542,358,331"
Madagascar,2005,"$542,063,846"
World War Z,2013,"$540,455,876"
Brave,2012,"$538,983,207"
Star Wars: Episode V - The Empire Strikes Back,1980,"$538,375,067"
The Simpsons Movie,2007,"$536,414,293"
The Revenant,2015,"$532,950,503"
The Meg,2018,"$530,517,320"
Ralph Breaks the Internet,2018,"$529,323,962"
Hotel Transylvania 3: Summer Vacation,2018,"$528,583,774"
The Boss Baby,2017,"$527,965,936"
Dunkirk,2017,"$527,016,307"
The Grinch,2018,"$526,760,632"
Godzilla,2014,"$524,976,069"
How to Train Your Dragon: The Hidden World,2019,"$524,580,592"
Sherlock Holmes,2009,"$524,028,679"
Meet the Fockers,2004,"$522,657,936"
WALL·E,2008,"$521,311,890"
Kung Fu Panda 3,2016,"$521,170,825"
Terminator 2: Judgment Day,1991,"$520,881,154"
Ant-Man,2015,"$519,311,965"
Venom: Let There Be Carnage,2021,"$506,863,592"
Ghost,1990,"$505,703,557"
Aladdin,1992,"$504,050,219"
Gladiator,2000,"$503,162,313"
Rio 2,2014,"$498,781,117"
Troy,2004,"$497,409,852"
Toy Story 2,1999,"$497,375,381"
How to Train Your Dragon,2010,"$494,879,471"
Twister,1996,"$494,580,615"
Oz the Great and Powerful,2013,"$493,311,825"
Clash of the Titans,2010,"$493,214,993"
Maleficent: Mistress of Evil,2019,"$491,730,089"
War for the Planet of the Apes,2017,"$490,719,763"
Shrek,2001,"$488,441,368"
Mr. & Mrs. Smith,2005,"$487,287,646"
Angels & Demons,2009,"$485,930,816"
Teenage Mutant Ninja Turtles,2014,"$485,004,754"
Bruce Almighty,2003,"$484,592,874"
Rio,2011,"$483,866,772"
Saving Private Ryan,1998,"$482,349,603"
Rise of the Planet of the Apes,2011,"$481,800,873"
Home Alone,1990,"$476,684,675"
Jaws,2015,"$476,512,065"
Hotel Transylvania 2,1983,"$475,186,706"
Star Wars: Episode VI - Return of the Jedi,2005,"$475,106,177"
Charlie and the Chocolate Factory,1989,"$474,968,763"
Indiana Jones and the Last Crusade,2015,"$474,171,806"
San Andreas,2019,"$474,009,154"
It Chapter Two,2016,"$473,122,525"
La La Land,2012,"$471,988,308"
Wreck-It Ralph,2021,"$471,222,889"
Godzilla vs. Kong,2009,"$470,116,094"
The Hangover,2014,"$469,328,079"
Lucy,2014,"$469,058,574"
The Lego Movie,2018,"$468,266,122"
Bumblebee,2013,"$467,989,645"
Star Trek Into Darkness,1999,"$467,365,246"
The Matrix,1990,"$467,222,728"
Pretty Woman,2006,"$463,406,268"
Cars,2020,"$461,991,867"
The Eight Hundred,2006,"$461,421,559"
X-Men: The Last Stand,2022,"$460,435,291"
Moon Man,2007,"$460,237,662"
National Treasure: Book of Secrets,1996,"$459,242,249"
Mission: Impossible,2007,"$457,696,391"
300,2003,"$456,082,343"
The Last Samurai,2020,"$454,627,263"
Demon Slayer the Movie: Mugen Train,2018,"$453,210,959"
Dying to Survive,2001,"$451,183,391"
Ocean's Eleven,2019,"$450,717,150"
"My People, My Country",2011,"$450,064,993"
Thor,2001,"$449,326,618"
Pearl Harbor,1999,"$449,220,945"
Tarzan,2002,"$448,191,819"
Men in Black II,2007,"$445,135,288"
The Bourne Ultimatum,2001,"$444,100,035"
The Mummy Returns,2009,"$443,280,904"
Alvin and the Chipmunks: The Squeakquel,2012,"$443,140,005"
Les Misérables,1993,"$442,299,309"
The Exorcist,2015,"$441,306,145"
Mrs. Doubtfire,2016,"$441,286,195"
Terminator Genisys,2018,"$440,603,537"
Warcraft,2017,"$439,048,914"
A Star Is Born,2003,"$436,233,122"
The Greatest Showman,2019,"$435,732,529"
Terminator 3: Rise of the Machines,2021,"$433,371,112"
Pokémon: Detective Pikachu,2002,"$433,230,304"
Shang-Chi and the Legend of the Ten Rings,2019,"$432,243,292"
Die Another Day,2000,"$431,971,116"
The Secret Life of Pets 2,2018,"$431,058,415"
Cast Away,2010,"$429,632,142"
Rampage,2003,"$428,028,233"
The King's Speech,2011,"$427,374,317"
The Matrix Revolutions,2020,"$427,344,325"
The Intouchables,2012,"$426,588,510"
Bad Boys for Life,1991,"$426,505,244"
Django Unchained,1990,"$426,074,373"
Beauty and the Beast,2020,"$424,967,620"
Dances with Wolves,2008,"$424,208,848"
"My People, My Homeland",2008,"$422,390,820"
The Chronicles of Narnia: Prince Caspian,2019,"$419,665,568"
Sex and the City,1999,"$418,765,519"
The Captain,2010,"$417,282,021"
The Mummy,2016,"$415,933,406"
The Chronicles of Narnia: The Voyage of the Dawn Treader,2015,"$415,686,217"
Jason Bourne,2013,"$415,484,914"
Mad Max: Fury Road,2015,"$415,261,382"
The Wolverine,2009,"$414,828,246"
Kingsman: The Secret Service,1989,"$414,351,546"
Night at the Museum: Battle of the Smithsonian,1992,"$413,106,170"
Batman,2013,"$411,569,241"
The Bodyguard,2017,"$411,046,449"
Pacific Rim,2017,"$411,002,906"
Kingsman: The Golden Circle,2016,"$410,902,662"
The Mummy,2008,"$409,231,607"
Ice Age: Collision Course,2021,"$408,754,975"
Twilight,2002,"$408,430,415"
Sing 2,2003,"$408,398,852"
Signs,2022,"$408,247,917"
X2: X-Men United,2013,"$407,711,549"
Fantastic Beasts: The Secrets of Dumbledore,2019,"$406,950,844"
The Wolf of Wall Street,2008,"$406,878,233"
Alita: Battle Angel,2012,"$404,980,543"
The Mummy: Tomb of the Dragon Emperor,2022,"$403,449,830"
Prometheus,2018,"$403,354,469"
Sonic the Hedgehog 2,2021,"$402,656,846"
Gone with the Wind,2021,"$402,382,193"
Mamma Mia! Here We Go Again,2022,"$402,264,843"
Eternals,2010,"$402,064,899"
Dune,2006,"$402,027,830"
Uncharted,2012,"$401,748,820"
Tron: Legacy,1978,"$400,063,852"
Mission: Impossible III,1995,"$398,479,497"
Snow White and the Huntsman,2022,"$396,592,829"
Grease,2018,"$396,271,103"
Toy Story,2006,"$394,436,586"
Black Adam,1991,"$392,952,111"
Solo: A Star Wars Story,1981,"$392,924,807"
Superman Returns,2016,"$391,081,192"
Robin Hood: Prince of Thieves,2007,"$390,493,908"
Indiana Jones and the Raiders of the Lost Ark,2015,"$389,925,971"
Independence Day: Resurgence,2019,"$389,681,935"
Live Free or Die Hard,2015,"$388,156,011"
Monster Hunt,2009,"$387,053,506"
Godzilla: King of the Monsters,2019,"$386,600,138"
Home,2006,"$386,041,607"
Star Trek,2018,"$385,680,446"
1917,2017,"$384,577,421"
Happy Feet,1985,"$384,336,108"
Spider-Man: Into the Spider-Verse,2002,"$384,256,930"
Cars 3,2016,"$383,930,656"
Back to the Future,2017,"$383,336,762"
Ice Age,2009,"$383,257,136"
Your Name.,2021,"$382,238,181"
Fifty Shades Darker,1998,"$381,545,846"
Monsters vs. Aliens,1994,"$381,509,870"
Black Widow,2008,"$379,751,655"
Godzilla,2019,"$379,014,294"
True Lies,2012,"$378,882,411"
Slumdog Millionaire,2013,"$378,410,542"
Once Upon a Time in Hollywood,2004,"$377,617,598"
Taken 2,2000,"$376,152,455"
G.I. Joe: Retaliation,2011,"$375,740,705"
Shark Tale,2005,"$374,583,879"
What Women Want,2014,"$374,111,707"
The Adventures of Tintin,2009,"$373,993,951"
Batman Begins,2007,"$373,672,993"
Penguins of Madagascar,2018,"$373,515,621"
X-Men Origins: Wolverine,2005,"$373,062,864"
The Golden Compass,2009,"$372,234,864"
Fifty Shades Freed,2011,"$371,985,018"
Hitch,2014,"$371,594,210"
Terminator Salvation,1998,"$371,353,001"
Captain America: The First Avenger,2014,"$370,569,774"
Edge of Tomorrow,1993,"$370,541,256"
There's Something About Mary,2001,"$369,884,651"
Gone Girl,2002,"$369,330,363"
The Fugitive,2018,"$368,875,760"
Jurassic Park III,1995,"$368,780,809"
My Big Fat Greek Wedding,2019,"$368,744,044"
Hello Mr. Billionaire,2018,"$366,961,907"
Die Hard with a Vengeance,2007,"$366,101,666"
Shazam!,2020,"$366,080,049"
The Nun,1999,"$365,582,797"
Alvin and the Chipmunks,1998,"$365,352,546"
Tenet,2014,"$365,304,105"
Notting Hill,2004,"$363,889,678"
A Bug's Life,2001,"$363,258,859"
Night at the Museum: Secret of the Tomb,2013,"$363,204,635"
Ocean's Twelve,1999,"$362,744,280"
Planet of the Apes,2018,"$362,211,740"
The Hangover Part III,2009,"$362,000,072"
The World Is Not Enough,2014,"$361,832,400"
Monster Hunt 2,2010,"$361,682,618"
Fast & Furious,1992,"$360,366,870"
Noah,2012,"$359,200,044"
The Karate Kid,2002,"$359,126,022"
Home Alone 2: Lost in New York,1986,"$358,994,850"
Hotel Transylvania,2016,"$358,375,603"
Minority Report,1999,"$358,372,926"
Top Gun,2001,"$357,288,178"
The Legend of Tarzan,1995,"$356,700,357"
American Beauty,1988,"$356,296,601"
Spirited Away,2013,"$355,822,319"
Apollo 13,2019,"$355,237,933"
Rain Man,2004,"$354,825,435"
The Great Gatsby,1992,"$353,659,851"
Dumbo,2017,"$353,284,621"
"I, Robot",2011,"$353,133,898"
Basic Instinct,2016,"$352,927,224"
Murder on the Orient Express,1995,"$352,794,081"
X-Men: First Class,2002,"$352,616,690"
The Angry Birds Movie,2013,"$352,333,929"
GoldenEye,2001,"$352,194,034"
Catch Me If You Can,1994,"$352,114,312"
Now You See Me,2018,"$351,723,989"
Hannibal,1994,"$351,692,268"
The Mask,2000,"$351,583,407"
Peter Rabbit,2018,"$351,496,066"
Speed,1998,"$350,448,145"
Dinosaur,2012,"$349,822,765"
Mary Poppins Returns,2014,"$349,546,142"
Deep Impact,2013,"$349,464,664"
The Lorax,2004,"$349,183,316"
The Maze Runner,2001,"$348,319,861"
The Smurfs 2,2016,"$347,545,360"
National Treasure,2017,"$347,512,318"
Rush Hour 2,1995,"$347,325,802"
Trolls,2000,"$347,182,886"
xXx: Return of Xander Cage,2016,"$346,118,277"
Pocahontas,2011,"$346,079,773"
How the Grinch Stole Christmas,2008,"$345,823,032"
Star Trek Beyond,1994,"$343,471,816"
Alvin and the Chipmunks: Chipwrecked,2018,"$342,695,435"
Wanted,2007,"$342,463,063"
The Flintstones,2006,"$341,631,208"
A Quiet Place,2014,"$340,952,971"
Enchanted,1995,"$340,487,836"
Over the Hedge,2009,"$339,795,890"
300: Rise of an Empire,2008,"$337,580,051"
Batman Forever,2012,"$336,567,158"
Prince of Persia: The Sands of Time,1996,"$336,365,676"
The Curious Case of Benjamin Button,2016,"$335,802,786"
Journey 2: The Mysterious Island,2016,"$335,287,748"
The Rock,2017,"$335,062,621"
The Great Wall,2005,"$334,933,831"
Now You See Me 2,1984,"$334,897,606"
Never Say Die,1997,"$334,530,869"
Fantastic Four,1989,"$333,535,934"
Indiana Jones and the Temple of Doom,2015,"$333,107,271"
Tomorrow Never Dies,2021,"$333,011,068"
Back to the Future Part II,2014,"$332,500,002"
The Good Dinosaur,2000,"$332,207,671"
Free Guy,1988,"$331,526,598"
22 Jump Street,2010,"$331,333,876"
Meet the Parents,2000,"$330,444,045"
Who Framed Roger Rabbit,2019,"$329,803,958"
Black Swan,1986,"$329,398,046"
The Perfect Storm,2019,"$328,718,434"
John Wick: Chapter 3 - Parabellum,1995,"$328,349,387"
Crocodile Dundee,2006,"$328,203,506"
Crazy Alien,2015,"$327,598,891"
Se7en,1996,"$327,333,559"
The Devil Wears Prada,2009,"$326,706,115"
Taken 3,2015,"$326,479,141"
The Hunchback of Notre Dame,1993,"$325,338,851"
A Christmas Carol,2010,"$325,286,646"
The SpongeBob Movie: Sponge Out of Water,2016,"$325,186,032"
Schindler's List,2018,"$322,161,245"
Megamind,1992,"$321,885,765"
The Conjuring 2,2010,"$321,834,351"
Green Book,2009,"$321,752,656"
Lethal Weapon 3,1996,"$321,731,527"
Robin Hood,2013,"$321,669,741"
Inglourious Basterds,1987,"$321,457,747"
101 Dalmatians,2020,"$320,689,294"
The Conjuring,2010,"$320,406,242"
Fatal Attraction,2009,"$320,145,693"
Sonic the Hedgehog,2004,"$319,715,683"
The Last Airbender,2001,"$319,713,881"
The Proposal,1984,"$317,375,031"
The Polar Express,1997,"$316,897,787"
A Beautiful Mind,2017,"$316,791,257"
Beverly Hills Cop,2012,"$316,360,478"
Air Force One,2005,"$315,156,409"
Wonder,1997,"$315,025,930"
The Expendables 2,2019,"$314,975,955"
Chicken Little,2015,"$314,432,837"
As Good as It Gets,2016,"$314,178,011"
Knives Out,2017,"$312,897,920"
Maze Runner: The Scorch Trials,1999,"$312,296,056"
Resident Evil: The Final Chapter,2007,"$312,242,626"
The Lego Batman Movie,2010,"$312,136,671"
Austin Powers: The Spy Who Shagged Me,2008,"$312,016,928"
Ocean's Thirteen,1996,"$311,312,624"
Little Fockers,1999,"$310,650,585"
Bolt,2009,"$309,979,994"
Ransom,2017,"$309,492,681"
Runaway Bride,2014,"$309,460,292"
The Blind Side,2006,"$309,231,694"
The Ex-File 3: The Return of The Exes,2012,"$307,592,427"
The Fault in Our Stars,1977,"$307,166,834"
The Pursuit of Happyness,2002,"$307,127,625"
Rise of the Guardians,2017,"$306,941,670"
Close Encounters of the Third Kind,2011,"$306,889,114"
Chicago,2018,"$306,776,732"
Annabelle: Creation,2013,"$306,515,884"
Bridesmaids,1998,"$306,442,085"
Skyscraper,2016,"$304,868,961"
A Good Day to Die Hard,2016,"$304,654,182"
Mulan,2012,"$304,320,254"
Dangal,1997,"$303,723,636"
Passengers,2009,"$303,144,152"
Battleship,2012,"$303,025,485"
Liar Liar,2007,"$302,710,615"
G.I. Joe: The Rise of Cobra,1991,"$302,469,017"
Wrath of the Titans,1978,"$301,970,083"
Fantastic Four: Rise of the Silver Surfer,1985,"$301,913,131"
Hook,1985,"$300,854,823"
Superman,2010,"$300,478,449"
Rocky IV,2004,"$300,473,716"
Rambo: First Blood Part II,1999,"$300,400,432"
Resident Evil: Afterlife,1987,"$300,228,084"
Van Helsing,2016,"$300,157,638"
Stuart Little,1997,"$300,135,367"
Beverly Hills Cop II,2011,"$299,965,036"
Alice Through the Looking Glass,2008,"$299,820,798"
My Best Friend's Wedding,2018,"$299,288,605"
Real Steel,2021,"$299,268,508"
Horton Hears a Who!,2015,"$298,572,799"
Ocean's Eight,1989,"$297,795,726"
A Quiet Place Part II,2002,"$297,372,261"
The Divergent Series: Insurgent,1984,"$297,002,527"
Look Who's Talking,2016,"$296,999,813"
Austin Powers in Goldmember,2000,"$296,938,801"
Ghostbusters,2017,"$296,578,797"
Miss Peregrine's Home for Peculiar Children,2010,"$296,482,446"
X-Men,1998,"$296,339,528"
Ferdinand,2007,"$296,069,199"
Shutter Island,2010,"$294,805,697"
Doctor Dolittle,2009,"$294,456,605"
Bee Movie,2006,"$293,514,336"
Salt,2000,"$293,503,354"
G-Force,2018,"$292,817,898"
The Departed,2004,"$291,480,452"
What Lies Beneath,2010,"$291,420,351"
Pacific Rim: Uprising,1998,"$290,930,148"
The Bourne Supremacy,2014,"$290,835,269"
Sex and the City 2,1988,"$290,745,055"
Shakespeare in Love,2005,"$289,317,794"
Divergent,2018,"$288,885,818"
Coming to America,1995,"$288,752,301"
Wedding Crashers,2001,"$288,485,135"
Maze Runner: The Death Cure,2022,"$288,175,335"
Casper,2015,"$287,928,194"
American Pie 2,1999,"$287,553,595"
Elvis,2013,"$287,340,048"
Pitch Perfect 2,2013,"$287,144,079"
The Green Mile,1998,"$286,801,374"
Oblivion,2012,"$286,168,572"
Elysium,2013,"$286,140,700"
Lethal Weapon 4,2014,"$285,444,603"
John Carter,2001,"$284,139,100"
Turbo,2010,"$282,570,682"
Paddington,2017,"$282,377,683"
Bridget Jones's Diary,2000,"$281,995,610"
The Tourist,2002,"$278,780,441"
Split,2012,"$278,454,417"
Scary Movie,2014,"$278,019,771"
xXx,2002,"$277,448,382"
The Bourne Legacy,2012,"$276,144,750"
Mr. Peabody & Sherman,2001,"$275,698,039"
Scooby-Doo,2018,"$275,678,613"
Lincoln,2010,"$275,293,450"
Lara Croft: Tomb Raider,2013,"$274,703,340"
Tomb Raider,1996,"$274,650,803"
The Expendables,1996,"$274,470,394"
Cloudy with a Chance of Meatballs 2,2003,"$274,325,949"
The Nutty Professor,2002,"$273,961,019"
Jerry Maguire,1991,"$273,552,592"
Bad Boys II,2010,"$273,339,556"
Lilo & Stitch,2014,"$273,144,151"
The Silence of the Lambs,1993,"$272,742,922"
Grown Ups,2012,"$271,457,301"
Neighbors,2008,"$270,665,134"
The Firm,2008,"$270,248,367"
We're the Millers,2007,"$269,994,119"
Gran Torino,2013,"$269,958,228"
"10,000 BC",2014,"$269,784,201"
American Gangster,2017,"$269,755,430"
Epic,2009,"$268,426,634"
Exodus: Gods and Kings,1992,"$268,175,631"
Blade Runner 2049,1993,"$267,770,708"
Bambi,2003,"$267,447,150"
The Princess and the Frog,2004,"$267,045,765"
Batman Returns,2008,"$266,915,287"
Indecent Proposal,1995,"$266,614,059"
Something's Gotta Give,1998,"$265,328,738"
Bridget Jones: The Edge of Reason,2000,"$265,126,918"
The Incredible Hulk,1997,"$264,770,996"
Waterworld,1995,"$264,218,220"
The Truman Show,2019,"$264,118,201"
Charlie's Angels,2006,"$264,105,545"
The Fifth Element,2005,"$263,920,180"
Jumanji,2008,"$262,821,940"
Parasite,1990,"$262,676,096"
Borat,2009,"$262,552,893"
Robots,2019,"$262,511,490"
Knight and Day,2013,"$261,989,769"
Total Recall,2011,"$261,317,921"
This Is It,2018,"$261,183,588"
Terminator: Dark Fate,2015,"$261,119,292"
The Lone Ranger,2003,"$260,502,115"
Super 8,2007,"$260,095,986"
Halloween,1997,"$259,939,835"
Mojin: The Lost Legend,2017,"$259,368,448"
Charlie's Angels: Full Throttle,2014,"$259,175,788"
Rush Hour 3,2022,"$258,097,122"
The Full Monty,2021,"$257,938,649"
Kung Fu Yoga,2003,"$257,753,889"
Annabelle,2015,"$257,589,721"
Puss in Boots: The Last Wish,2000,"$257,003,100"
Encanto,2019,"$256,786,742"
The Village,2019,"$256,697,520"
Lost in Hong Kong,2016,"$256,283,912"
Erin Brockovich,2008,"$256,271,286"
Us,1993,"$256,067,149"
Pegasus,2017,"$255,863,112"
Get Out,1995,"$255,745,157"
Marley & Me,2019,"$255,743,093"
Cliffhanger,2007,"$255,000,211"
Baahubali 2: The Conclusion,2008,"$254,158,390"
Babe,1997,"$254,134,910"
Men in Black: International,2019,"$253,890,701"
Wild Hogs,2010,"$253,625,427"
High School Musical 3: Senior Year,2020,"$252,909,177"
Hercules,1997,"$252,712,101"
X-Men: Dark Phoenix,2013,"$252,442,974"
True Grit,1998,"$252,276,927"
Dolittle,1998,"$251,410,631"
Bean,2006,"$251,212,670"
American Hustle,2003,"$251,171,807"
Enemy of the State,1998,"$250,849,789"
You've Got Mail,2022,"$250,821,495"
Eragon,2002,"$250,425,512"
Brother Bear,1999,"$250,397,798"
The Godfather,2000,"$250,341,816"
The Mask of Zorro,2003,"$250,288,523"
The Bad Guys,2017,"$250,162,278"
The Ring,1994,"$249,348,933"
The Blair Witch Project,2019,"$248,639,099"
Unbreakable,2013,"$248,118,121"
Love Actually,2015,"$247,933,248"
Journey to the West: The Demons Strike Back,2011,"$247,585,244"
Dumb and Dumber,1994,"$247,290,327"
Glass,1997,"$246,999,039"
Grown Ups 2,2016,"$246,984,278"
The Peanuts Movie,2012,"$246,233,113"
Rango,2003,"$245,724,603"
Four Weddings and a Funeral,2019,"$245,700,832"
Face/Off,2008,"$245,676,146"
Teenage Mutant Ninja Turtles: Out of the Shadows,1990,"$245,623,848"
Dark Shadows,2015,"$245,527,149"
Hulk,2014,"$245,285,165"
The Bravest,1998,"$245,179,562"
Welcome to the Sticks,2008,"$245,144,417"
Back to the Future Part III,2013,"$245,077,583"
Pixels,1992,"$244,874,809"
Hercules,2009,"$244,819,862"
Rush Hour,2002,"$244,721,064"
Journey to the Center of the Earth,2015,"$244,232,688"
After Earth,2014,"$243,611,982"
A Few Good Men,1996,"$243,240,178"
Cloudy with a Chance of Meatballs,2017,"$243,006,126"
8 Mile,2016,"$242,875,078"
Daddy's Home,2016,"$242,786,137"
RoboCop,2006,"$242,688,965"
Eraser,2020,"$242,295,562"
Alien: Covenant,2013,"$240,891,763"
Sully,2012,"$240,797,623"
Assassin's Creed,1990,"$240,697,856"
Click,1988,"$240,685,326"
Legend of Deification,2022,"$240,646,355"
Planes,2018,"$240,171,783"
Resident Evil: Retribution,1997,"$240,159,255"
Die Hard 2,2004,"$240,031,274"
Crocodile Dundee II,2010,"$239,606,210"
Bullet Train,2000,"$239,268,602"
Crazy Rich Asians,1977,"$238,843,729"
Batman & Robin,2012,"$238,235,719"
Howl's Moving Castle,2003,"$237,536,126"
Gulliver's Travels,2016,"$237,382,724"
Gone in 60 Seconds,2001,"$237,202,299"
Saturday Night Fever,1989,"$237,113,184"
Silver Linings Playbook,2015,"$236,412,453"
2 Fast 2 Furious,1999,"$236,350,661"
Hidden Figures,2012,"$235,956,898"
A.I. Artificial Intelligence,1999,"$235,926,552"
Dead Poets Society,2015,"$235,860,116"
Spy,2014,"$235,666,219"
American Pie,2021,"$235,483,004"
American Reunion,2008,"$234,989,584"
Big Daddy,2003,"$234,801,895"
Alvin and the Chipmunks: The Road Chip,2011,"$234,798,636"
The Imitation Game,2007,"$233,555,708"
Cruella,2012,"$233,503,234"
The Day the Earth Stood Still,2007,"$233,093,859"
American Wedding,1996,"$232,722,935"
The Girl with the Dragon Tattoo,1992,"$232,617,430"
Juno,2019,"$232,372,681"
Argo,2005,"$232,325,503"
Mr. Bean's Holiday,2008,"$232,225,908"
The English Patient,1996,"$231,976,425"
Sister Act,1998,"$231,605,150"
Annabelle Comes Home,2013,"$231,252,591"
Constantine,2016,"$230,884,728"
Get Smart,2007,"$230,685,453"
Space Jam,2015,"$230,594,962"
Life Is Beautiful,2017,"$230,098,753"
The Heat,1993,"$229,930,771"
Ghostbusters,1989,"$229,147,509"
Ghost Rider,2011,"$228,738,393"
Goodbye Mr. Loser,1985,"$228,122,928"
Paddington 2,2003,"$227,994,792"
Sleepless in Seattle,2017,"$227,927,165"
Lethal Weapon 2,2017,"$227,853,986"
The Green Hornet,2011,"$227,817,248"
Out of Africa,2008,"$227,514,205"
Elf,2010,"$227,356,156"
Youth,2022,"$227,091,290"
Baby Driver,2013,"$226,945,087"
Immortals,2017,"$226,904,017"
Taken,1997,"$226,837,760"
Percy Jackson & the Olympians: The Lightning Thief,2019,"$226,497,209"
Lightyear,2019,"$226,425,420"
Hansel & Gretel: Witch Hunters,2008,"$226,349,749"
Valerian and the City of a Thousand Planets,2010,"$225,973,340"
Good Will Hunting,2000,"$225,933,435"
Better Days,1997,"$225,918,798"
Ford v Ferrari,1994,"$225,508,210"
Jumper,2005,"$225,132,113"
The Social Network,2008,"$224,920,375"
Chicken Run,2014,"$224,874,811"
Con Air,1989,"$224,012,234"
Interview with the Vampire: The Vampire Chronicles,2004,"$223,664,608"
Flightplan,1999,"$223,387,299"
Yes Man,2021,"$223,241,637"
Non-Stop,2017,"$222,809,600"
"Honey, I Shrunk the Kids",1990,"$222,724,172"
Fahrenheit 9/11,2021,"$222,446,882"
Wild Wild West,2003,"$222,104,681"
"My Country, My Parents",2004,"$221,831,086"
Geostorm,2016,"$221,600,160"
Presumed Innocent,2007,"$221,303,188"
Jungle Cruise,2011,"$220,889,446"
Scary Movie 3,2008,"$220,673,217"
Collateral,2009,"$220,239,925"
Inferno,2004,"$220,021,259"
Knocked Up,2019,"$219,922,417"
Green Lantern,2013,"$219,851,172"
What Happens in Vegas,1998,"$219,375,562"
It's Complicated,2012,"$219,103,655"
The Terminal,2005,"$219,100,084"
Little Women,2017,"$218,843,645"
Captain Phillips,2022,"$218,791,811"
The Prince of Egypt,2014,"$218,613,188"
Jack Reacher,2016,"$218,340,595"
Kingdom of Heaven,2004,"$218,122,627"
The Emoji Movie,2011,"$217,776,646"
Too Cool to Kill,1988,"$217,254,604"
Dracula Untold,2010,"$217,124,280"
Central Intelligence,2011,"$216,972,543"
Million Dollar Baby,2022,"$216,763,646"
The Help,2020,"$216,639,112"
Twins,2020,"$216,614,388"
Valentine's Day,1994,"$216,528,528"
Bad Teacher,2015,"$216,197,492"
Smile,1992,"$216,135,048"
A Little Red Flower,2000,"$216,000,000"
The Croods: A New Age,1989,"$215,905,815"
Clear and Present Danger,2000,"$215,887,717"
One Hundred and One Dalmatians,2010,"$215,880,014"
Ted 2,2011,"$215,863,606"
Dracula,2014,"$215,862,692"
Vertical Limit,1987,"$215,663,859"
Ghostbusters II,2018,"$215,394,738"
The Patriot,2018,"$215,294,342"
The Sorcerer's Apprentice,2009,"$215,283,742"
Just Go with It,2002,"$214,945,591"
